{
  "project_info": {
    "project_number": "543501648377",
    "project_id": "ezdelivery-a538c",
    "storage_bucket": "ezdelivery-a538c.appspot.com"
  },
  "client": [
    {
      "client_info": {
        "mobilesdk_app_id": "1:543501648377:android:ebee0eeb64870a6a6bfd28",
        "android_client_info": {
          "package_name": "np.com.hilifefoods.ezdeliver"
        }
      },
      "oauth_client": [
        {
          "client_id": "543501648377-osq6vvh402bvk2nmjc773occ0smj03uo.apps.googleusercontent.com",
          "client_type": 3
        }
      ],
      "api_key": [
        {
          "current_key": "AIzaSyCVPAs01XWa49umMDnWmHmKoDDB2luYRos"
        }
      ],
      "services": {
        "appinvite_service": {
          "other_platform_oauth_client": [
            {
              "client_id": "543501648377-osq6vvh402bvk2nmjc773occ0smj03uo.apps.googleusercontent.com",
              "client_type": 3
            }
          ]
        }
      }
    }
  ],
  "configuration_version": "1"
}